sentence,label_name,label_ID,language,source,annotator
The government's immigration policy aims to attract highly skilled workers to fill labor shortages in certain industries.,Economic,1,English,chatGpt,G01374665
The current administration's immigration policies have been a source of controversy and debate among lawmakers.,Political,13,English,chatGpt,G01374665
It is our moral obligation to provide a safe haven for refugees fleeing persecution and violence in their home countries.,Morality,3,English,chatGpt,G01374665
Many businesses rely on immigrants to fill low-wage jobs that are difficult to fill with native-born workers.,Economic,1,English,chatGpt,G01374665
"The debate over immigration policy has become increasingly polarized, with each side refusing to compromise on their positions.",Political,13,English,chatGpt,G01374665
Turning away refugees who are in desperate need of help goes against our fundamental principles of compassion and humanity.,Morality,3,English,chatGpt,G01374665
"Some argue that immigration can lead to lower wages and job displacement for native-born workers, while others argue that immigrants bring needed skills and economic growth.",Economic,1,English,chatGpt,G01374665
"Immigration policy is often used as a political tool, with politicians making promises to crack down on illegal immigration or provide a pathway to citizenship for undocumented immigrants.",Political,13,English,chatGpt,G01374665
It is morally reprehensible to separate families and detain children who have committed no crime simply because their parents crossed a border without proper documentation.,Morality,3,English,chatGpt,G01374665
"Immigration can be a key driver of economic growth, as immigrants often start businesses and create jobs.",Economic,1,English,chatGpt,G01374665
"Immigration can be a boon to the economy, as immigrants often bring diverse skill sets and fill labor shortages in key industries.",Economic,1,English,chatGpt,G01374665
"Immigration policies must take into account the capacity of the country to absorb new arrivals and provide adequate resources such as housing, healthcare, and education.",Capacity and Resources,2,English,chatGpt,G01374665
"Immigration policies should be based on principles of fairness and equality, ensuring that all applicants are judged on their individual merits rather than their race, ethnicity, or religion.",Fairness and Equality,4,English,chatGpt,G01374665
Immigration policies must be based on the rule of law and respect for established legal procedures for entering and residing in a country.,"Legality, Constitutionality, Jurisdiction",5,English,chatGpt,G01374665
"Immigration policies must also conform to constitutional principles and established legal precedent, ensuring that individual rights and liberties are protected.","Legality, Constitutionality, Jurisdiction",5,English,chatGpt,G01374665
"Immigration policies should be evaluated based on their effectiveness in achieving desired outcomes, such as increasing economic growth, reducing crime, or improving national security.",Policy Prescription and Evaluation,6,English,chatGpt,G01374665
"Immigration policies must balance the need for border security and crime prevention with the protection of civil liberties and human rights for all individuals, regardless of their immigration status.",Crime and Punishment,7,English,chatGpt,G01374665
"Immigration policies should prioritize national security and the protection of the country's borders, while also recognizing the contributions of immigrants to the nation's defense and security.",Security and Defense,8,English,chatGpt,G01374665
"Immigration policies must also take into account the public health and safety risks associated with migration, including the spread of infectious diseases or exposure to hazardous conditions.",Health and Safety,9,English,chatGpt,G01374665
"Immigration policies should aim to improve the quality of life for both immigrants and the native-born population, by promoting social integration, reducing discrimination, and providing access to essential services.",Quality of Life,10,English,chatGpt,G01374665
"Immigration policies must also consider the impact of immigration on the country's cultural identity, ensuring that newcomers are able to assimilate while also preserving the country's unique cultural heritage.",Cultural Identity,11,English,chatGpt,G01374665
"Immigration policies should reflect the preferences and concerns of the general public, while also balancing the need for sound policy based on objective evidence and analysis.",Public Opinion,12,English,chatGpt,G01374665
Immigration policies must also take into account the country's standing in the international community and the impact of immigration on relations with other nations.,External Regulation and Reputation,14,English,chatGpt,G01374665
"Immigration policy is often a highly politicized issue, with political parties and leaders taking strong positions based on ideology or electoral considerations.",Political,13,English,chatGpt,G01374665
"Immigration policies must also reflect moral and ethical considerations, including the protection of human rights, the dignity of individuals, and the promotion of social justice.",Morality,3,English,chatGpt,G01374665
"Immigration can be a key driver of economic growth, as immigrants often start businesses and create jobs in areas such as technology and healthcare.",Economic,1,English,chatGpt,G01374665
"Immigration policies must balance the need for admitting new immigrants with the country's capacity to provide necessary resources, such as housing, education, and healthcare.",Capacity and Resources,2,English,chatGpt,G01374665
"Immigration policies should be based on principles of fairness and equality, ensuring that all applicants are treated with respect and judged on their individual merits.",Fairness and Equality,4,English,chatGpt,G01374665
"Immigration policies must be based on the rule of law and respect for established legal procedures, ensuring that all applicants are subject to the same requirements and standards.","Legality, Constitutionality, Jurisdiction",5,English,chatGpt,G01374665
"Immigration policies must also conform to constitutional principles and established legal precedent, protecting individual rights and liberties.","Legality, Constitutionality, Jurisdiction",5,English,chatGpt,G01374665
"Immigration policies should be designed to achieve specific goals, such as improving economic growth or reducing crime, and evaluated based on their effectiveness in achieving these goals.",Policy Prescription and Evaluation,6,English,chatGpt,G01374665
"Immigration policies must balance the need for public safety and security with the protection of civil liberties and human rights, ensuring that all individuals are treated fairly and justly.",Crime and Punishment,7,English,chatGpt,G01374665
"Immigration policies should prioritize national security and the protection of the country's borders, while also recognizing the important contributions of immigrants to the country's defense and security.",Security and Defense,8,English,chatGpt,G01374665
"Immigration policies must also take into account public health and safety concerns, such as the spread of infectious diseases or exposure to hazardous conditions.",Health and Safety,9,English,chatGpt,G01374665
"Immigration policies should aim to improve the quality of life for all individuals, both immigrants and the native-born population, by promoting social integration, reducing discrimination, and providing access to essential services.",Quality of Life,10,English,chatGpt,G01374665
"Immigration policies must also consider the impact of immigration on the country's cultural identity, ensuring that newcomers are able to assimilate while also preserving the country's unique cultural heritage.",Cultural Identity,11,English,chatGpt,G01374665
"Immigration policies should reflect the preferences and concerns of the general public, while also balancing the need for sound policy based on objective evidence and analysis.",Public Opinion,12,English,chatGpt,G01374665
Immigration policies must also take into account the country's standing in the international community and the impact of immigration on relations with other nations.,External Regulation and Reputation,14,English,self,G01374665
"Immigration policy is often a highly politicized issue, with political parties and leaders taking strong positions based on ideology or electoral considerations.",Political,13,English,self,G01374665
"Immigration policies must reflect moral and ethical considerations, including the protection of human rights, the dignity of individuals, and the promotion of social justice.",Morality,3,English,self,G01374665
"Immigration policies must also recognize the unique circumstances and needs of specific populations, such as refugees, asylum seekers, and undocumented immigrants, and provide appropriate protections and support.",Other,15,English,self,G01374665
"Immigration is essential for the economic growth and development of many countries, as it brings in new skills, ideas, and entrepreneurial spirit.",Economic,1,English,self,G01374665
"Countries must ensure that they have the necessary capacity and resources to accommodate and integrate immigrants, including access to education, housing, healthcare, and social services.",Capacity and Resources,2,English,self,G01374665
"Immigration policies should be based on principles of fairness and equality, ensuring that all applicants are treated fairly and equitably, regardless of their race, ethnicity, religion, or other characteristics.",Fairness and Equality,4,English,self,G01374665
"Immigration policies must be consistent with established legal procedures and respect for the rule of law, including the protection of due process rights and equal protection under the law.","Legality, Constitutionality, Jurisdiction",5,English,self,G01374665
"Immigration policies must also comply with constitutional principles and established legal precedent, including the protection of fundamental human rights and civil liberties.","Legality, Constitutionality, Jurisdiction",5,English,self,G01374665
"Immigration policies should be evidence-based, based on sound policy analysis and evaluation, and designed to achieve specific goals, such as economic growth, social integration, and public safety.",Policy Prescription and Evaluation,6,English,self,G01374665
"Immigration policies must balance the need for public safety and security with respect for individual rights and liberties, ensuring that immigrants are treated fairly and justly in the criminal justice system.",Crime and Punishment,7,English  ,self,G01374665
"Immigration policies must prioritize national security and the protection of borders, while also recognizing the important contributions of immigrants to the country's defense and security.",Security and Defense,8,English,self,G01374665
"Immigration policies must take into account public health and safety concerns, including infectious diseases, environmental hazards, and access to healthcare.",Health and Safety,9,English,self,G01374665
"Immigration policies should aim to improve the quality of life for all individuals, including immigrants and the native-born population, by promoting social integration, reducing discrimination, and providing access to essential services.",Quality of Life,10,English,self,G01374665
"Immigration policies must balance the need for cultural integration and diversity, recognizing the contributions of immigrants to the country's cultural heritage while also preserving the unique cultural identity of the host country.",Cultural Identity,11,English,self,G01374665
"Immigration policies should reflect the preferences and concerns of the general public, while also balancing the need for evidence-based policy and objective analysis.",Public Opinion,12,English,self,G01374665
"Immigration policies must take into account the impact of immigration on international relations and the reputation of the host country, including issues of human rights, humanitarian aid, and foreign policy.",External Regulation and Reputation,14,English,self,G01374665
"Immigration policy is often a highly politicized issue, with political parties and leaders taking strong positions based on ideology or electoral considerations.",Political,13,English,self,G01374665
"Immigration policies must reflect moral and ethical considerations, including the protection of human rights, the dignity of individuals, and the promotion of social justice.",Morality,3,English,self,G01374665
"Immigration policies must also consider the unique needs and circumstances of specific immigrant populations, including refugees, asylum seekers, and undocumented immigrants, and provide appropriate protections and support.",Other,15,English,self,G01374665
"The influx of immigrants can help boost a country's economy by bringing in new skills, talent, and entrepreneurial spirit, and contributing to the workforce.",Economic,1,English,self,G01374665
"It is important for a country to have the necessary resources and capacity to accommodate and integrate immigrants, including access to housing, healthcare, education, and social services.",Capacity and Resources,2,English,self,G01374665
"Immigration policies must be based on principles of fairness and equality, ensuring that all applicants are treated fairly and equitably, regardless of their race, ethnicity, religion, or other characteristics.",Fairness and Equality,4,English,self,G01374665
"Immigration policies must be consistent with established legal procedures and respect for the rule of law, including the protection of due process rights and equal protection under the law.","Legality, Constitutionality, Jurisdiction",5,English,self,G01374665
"Immigration policies must also comply with constitutional principles and established legal precedent, including the protection of fundamental human rights and civil liberties.","Legality, Constitutionality, Jurisdiction",5,English,self,G01374665
"Immigration policies should be evidence-based, based on sound policy analysis and evaluation, and designed to achieve specific goals, such as economic growth, social integration, and public safety.",Policy Prescription and Evaluation,6,English,self,G01374665
"Immigration policies must balance the need for public safety and security with respect for individual rights and liberties, ensuring that immigrants are treated fairly and justly in the criminal justice system.",Crime and Punishment,7,English,self,G01374665
"Immigration policies must prioritize national security and the protection of borders, while also recognizing the important contributions of immigrants to the country's defense and security.",Security and Defense,8,English,self,G01374665
"Immigration policies must take into account public health and safety concerns, including infectious diseases, environmental hazards, and access to healthcare.",Health and Safety,9,English,self,G01374665
"Immigration policies should aim to improve the quality of life for all individuals, including immigrants and the native-born population, by promoting social integration, reducing discrimination, and providing access to essential services.",Quality of Life,10,English,self,G01374665
"Immigration policies must balance the need for cultural integration and diversity, recognizing the contributions of immigrants to the country's cultural heritage while also preserving the unique cultural identity of the host country.",Cultural Identity,11,English,self,G01374665
"Immigration policies should reflect the preferences and concerns of the general public, while also balancing the need for evidence-based policy and objective analysis.",Public Opinion,12,English,self,G01374665
"Immigration policies must take into account the impact of immigration on international relations and the reputation of the host country, including issues of human rights, humanitarian aid, and foreign policy.",External Regulation and Reputation,14,English,self,G01374665
"Immigration policy is often a highly politicized issue, with political parties and leaders taking strong positions based on ideology or electoral considerations.",Political,13,English,self,G01374665
"Immigration policies must reflect moral and ethical considerations, including the protection of human rights, the dignity of individuals, and the promotion of social justice.",Morality,3,English,self,G01374665
"Immigration policies must also consider the unique needs and circumstances of specific immigrant populations, including refugees, asylum seekers, and undocumented immigrants, and provide appropriate protections and support.",Other,15,English,self,G01374665
"Some argue that immigration can depress wages and job opportunities for native-born workers, particularly in low-skill industries, while others argue that immigrants complement and expand the workforce, creating new jobs and driving innovation.",Economic,1,English,self,G01374665
"Immigration policies must also address the issue of illegal immigration, including measures to deter illegal entry, address the root causes of migration, and provide a pathway to legal status for undocumented immigrants already in the country.","Legality, Constitutionality, Jurisdiction",5,English,self,G01374665
"Immigration policies must consider the impact of immigration on the environment and natural resources, as well as the potential for overcrowding, strain on infrastructure, and other factors that can affect quality of life for all residents.",Quality of Life,10,English,self,G01374665
Denying same-sex couples the right to marry is a form of discrimination based on sexual orientation.,Fairness and Equality,4,English,self,G01374665
The legalization of same-sex marriage is a victory for human rights and social justice.,"Legality, Constitutionality, Jurisdiction",5,English,self,G01374665
The policy of allowing same-sex couples to marry has been shown to have positive effects on mental health and overall well-being.,Policy Prescription and Evaluation,6,English,self,G01374665
Same-sex marriage is seen by some as a threat to traditional cultural values and norms.,Cultural Identity,11,English,self,G01374665
"Public opinion on same-sex marriage has shifted significantly in recent years, with more people supporting the right of same-sex couples to marry.",Public Opinion,12,English,self,G01374665
"Some people view same-sex marriage as immoral, and believe that it goes against religious or moral principles.",Morality,3,English,self,G01374665
"Legalizing same-sex marriage can have economic benefits, as it allows same-sex couples to access the same benefits and protections as opposite-sex couples.",Capacity and Resources,2,English,self,G01374665
"Same-sex couples who are able to marry experience improved quality of life, as they are able to access important legal and social benefits.",Quality of Life,10,English,self,G01374665
"The legality of same-sex marriage has been the subject of numerous court cases, with many courts ruling that denying same-sex couples the right to marry is unconstitutional.","Legality, Constitutionality, Jurisdiction",5,English,self,G01374665
"Legalizing same-sex marriage can have positive effects on the health and safety of same-sex couples, as it allows them to access important legal and healthcare benefits.",Health and Safety,9,English,self,G01374665
"Countries that legalize same-sex marriage are often seen as more progressive and tolerant, which can have positive effects on their international reputation.",External Regulation and Reputation,14,English,self,G01374665
"The issue of same-sex marriage is often politically charged, with different political parties and interest groups taking different positions on the issue.",Political,13,English,self,G01374665
"In some countries, engaging in same-sex relationships or marriage is considered a crime and can result in punishment.",Crime and Punishment,7,English,self,G01374665
The issue of same-sex marriage is not typically considered a matter of national security or defense.,Security and Defense,8,English,self,G01374665
"Same-sex marriage is a complex issue with many different dimensions, and there are numerous other ways that it can be discussed and analyzed.",Other,15,English,self,G01374665
"Same-sex couples should have the same right to marry as opposite-sex couples, as everyone should be treated equally under the law.",Fairness and Equality,4,English,self,G01374665
"The legalization of same-sex marriage is a matter of basic human rights and dignity, and it is long overdue.","Legality, Constitutionality, Jurisdiction",5,English,self,G01374665
Research has shown that legalizing same-sex marriage has positive effects on the mental health and well-being of same-sex couples and their families.,Policy Prescription and Evaluation,6,English,self,G01374665
"Same-sex marriage challenges traditional gender roles and norms, and can be seen as a threat to some people's cultural identity.",Cultural Identity,11,English,self,G01374665
"In many countries, the majority of the public now supports same-sex marriage, reflecting a growing acceptance of LGBTQ+ rights.",Public Opinion,12,English,self,G01374665
"The morality of same-sex marriage is a matter of personal and religious belief, and opinions vary widely on the issue.",Morality,3,English,self,G01374665
"Legalizing same-sex marriage can have economic benefits, as it allows same-sex couples to access the same legal and financial benefits as opposite-sex couples.",Capacity and Resources,2,English,self,G01374665
"Same-sex couples who are able to marry have access to important legal protections and benefits, which can improve their overall quality of life.",Quality of Life,10,English,self,G01374665
Courts around the world have increasingly recognized that denying same-sex couples the right to marry is a violation of basic human rights and constitutional guarantees.,"Legality, Constitutionality, Jurisdiction",5,English,self,G01374665
"Legalizing same-sex marriage can have positive effects on the health and safety of same-sex couples, as it allows them to access important legal and healthcare benefits.",Health and Safety,9,English,self,G01374665
Countries that legalize same-sex marriage can improve their international reputation and attract LGBTQ+ tourists and businesses.,External Regulation and Reputation,14,English,self,G01374665
"The issue of same-sex marriage is often politicized, with political parties and interest groups taking different positions on the issue.",Political,13,English,self,G01374665
"In some countries, engaging in same-sex relationships or marriage is considered a crime and can result in severe punishment, including imprisonment or even death.",Crime and Punishment,7,English,self,G01374665
"Same-sex marriage is not typically considered a matter of national security or defense, and is unlikely to impact military readiness or other security concerns.",Security and Defense,8,English,self,G01374665
"Same-sex marriage is a complex issue with many dimensions, and there are numerous other ways to analyze and discuss the topic.",Other,15,English,self,G01374665
Same-sex couples should be able to marry and have their relationships recognized as equal to those of opposite-sex couples.,Fairness and Equality,4,English,self,G01374665
The legality of same-sex marriage has been the subject of much debate and controversy in many countries around the world.,"Legality, Constitutionality, Jurisdiction",5,English,self,G01374665
"Studies have shown that legalizing same-sex marriage can have positive effects on mental health, social integration, and overall well-being of LGBTQ+ individuals.",Policy Prescription and Evaluation,6,English,self,G01374665
"Same-sex marriage can be seen as a threat to traditional cultural and religious values in some communities, and has sparked significant opposition in many places.",Cultural Identity,11,English,self,G01374665
"Public opinion on same-sex marriage has shifted dramatically in recent years, with growing support for marriage equality in many countries around the world.",Public Opinion,12,English,self,G01374665
"Same-sex marriage remains a highly controversial issue, with moral and ethical debates continuing to shape public discourse on the topic.",Morality,3,English,self,G01374665
"Legalizing same-sex marriage can have significant economic benefits, including increased spending, job creation, and tax revenue.",Capacity and Resources,2,English,self,G01374665
"Same-sex marriage can have a positive impact on the quality of life of LGBTQ+ individuals, providing them with legal recognition and access to important benefits and protections.",Quality of Life,10,English,self,G01374665
"The constitutionality of same-sex marriage has been the subject of many legal challenges and court cases, with courts around the world ruling in favor of marriage equality in many cases.","Legality, Constitutionality, Jurisdiction",5,English,self,G01374665
"Legal recognition of same-sex marriage can improve the health and safety of LGBTQ+ individuals by providing them with access to healthcare benefits, insurance, and other important resources.",Health and Safety,9,English,self,G01374665
"Countries that legalize same-sex marriage can improve their international reputation and enhance their standing as progressive, inclusive societies.",External Regulation and Reputation,14,English,self,G01374665
"The issue of same-sex marriage has become increasingly politicized in many countries, with political parties and interest groups taking various positions on the topic.",Political,13,English,self,G01374665
"Same-sex relationships and marriage are still illegal in many parts of the world, and LGBTQ+ individuals may face significant legal and social discrimination as a result.",Crime and Punishment,7,English,self,G01374665
"Same-sex marriage is generally not seen as a security issue, and has not been linked to any significant national security concerns in most countries.",Security and Defense,8,English,self,G01374665
"Same-sex marriage is a complex issue with many nuances, and there are many other factors to consider when discussing the topic.",Other,15,English,self,G01374665
"Same-sex marriage can have a positive impact on the economy, as it can lead to increased spending, job creation, and tax revenue.",Economic,1,English,self,G01374665
"Legalizing same-sex marriage can increase the capacity and resources available to same-sex couples, such as access to healthcare, legal rights, and financial benefits.",Capacity and Resources,2,English,self,G01374665
"Legal recognition of same-sex marriage ensures that same-sex couples have the same legal rights and protections as opposite-sex couples, promoting fairness and equality.",Fairness and Equality,4,English,self,G01374665
"The legality of same-sex marriage remains a contentious issue in many parts of the world, with legal challenges and debates continuing in various countries.","Legality, Constitutionality, Jurisdiction",5,English,self,G01374665
"Same-sex marriage has been the subject of many legal challenges, with courts ruling in favor of marriage equality in many countries based on constitutional grounds.","Legality, Constitutionality, Jurisdiction",5,English,self,G01374665
"Studies have shown that legalizing same-sex marriage can have positive effects on mental health, social integration, and overall well-being of LGBTQ+ individuals, highlighting the importance of policy prescription and evaluation.",Policy Prescription and Evaluation,6,English,self,G01374665
"Discrimination against same-sex couples and individuals is still a significant issue in many parts of the world, with LGBTQ+ individuals facing legal and social punishment for their relationships and identity.",Crime and Punishment,7,English,self,G01374665
"Same-sex marriage is generally not seen as a security issue, and has not been linked to any significant national security concerns in most countries.",Security and Defense,8,English,self,G01374665
"Legal recognition of same-sex marriage can improve the health and safety of LGBTQ+ individuals, as it provides them with access to healthcare benefits, insurance, and other important resources.",Health and Safety,9,English,self,G01374665
"Same-sex marriage can improve the quality of life of LGBTQ+ individuals by providing them with legal recognition, access to important benefits and protections, and a sense of social acceptance and belonging.",Quality of Life,10,English,self,G01374665
"Same-sex marriage can challenge traditional cultural and religious values, leading to opposition and controversy in many communities.",Cultural Identity,11,English,self,G01374665
"Public opinion on same-sex marriage has shifted significantly in recent years, with growing support for marriage equality in many countries around the world.",Public Opinion,12,English,self,G01374665
"Legalizing same-sex marriage can improve a country's international reputation and enhance its standing as a progressive, inclusive society.",External Regulation and Reputation,14,English,self,G01374665
"Same-sex marriage has become a highly politicized issue, with political parties and interest groups taking various positions on the topic.",Political,13,English,self,G01374665
"The issue of same-sex marriage is often framed in terms of morality and ethics, with debates continuing to shape public discourse on the topic.",Morality,3,English,self,G01374665
"The legalization of same-sex marriage has the potential to stimulate the economy by increasing consumer spending, creating jobs, and generating tax revenue.",Economic,1,English,self,G01374665
"Same-sex couples often face challenges in accessing healthcare, legal rights, and financial benefits, making legal recognition of their relationships critical in improving their access to resources.",Capacity and Resources,2,English,self,G01374665
"Legal recognition of same-sex marriage promotes fairness and equality, ensuring that all individuals have the same legal rights and protections regardless of their sexual orientation.",Fairness and Equality,4,English,self,G01374665
"Same-sex marriage remains illegal in many countries, despite the increasing demand for marriage equality and legal challenges to discriminatory laws.","Legality, Constitutionality, Jurisdiction",5,English,self,G01374665
"Many countries have legalized same-sex marriage based on constitutional grounds, with courts ruling that denying marriage equality violates fundamental human rights.","Legality, Constitutionality, Jurisdiction",5,English,self,G01374665
"The impact of same-sex marriage on mental health, social integration, and overall well-being of LGBTQ+ individuals should be evaluated through policy prescription and research.",Policy Prescription and Evaluation,6,English,self,G01374665
"Same-sex relationships are criminalized in many countries, leading to persecution and punishment of LGBTQ+ individuals. Legalizing same-sex marriage can help to eliminate discrimination and promote social acceptance.",Crime and Punishment,7,English,self,G01374665
Same-sex marriage does not pose a security risk and has no negative impact on national defense in most countries.,Security and Defense,8,English,self,G01374665
"Legal recognition of same-sex marriage can improve the health and safety of LGBTQ+ individuals by providing them with access to healthcare benefits, insurance, and other important resources.",Health and Safety,9,English,self,G01374665
"Same-sex marriage can improve the quality of life of LGBTQ+ individuals by providing them with legal recognition, access to important benefits and protections, and a sense of social acceptance and belonging.",Quality of Life,10,English,self,G01374665
"Same-sex marriage challenges traditional cultural and religious values, leading to opposition and controversy in many communities.",Cultural Identity,11,English,self,G01374665
"Public opinion on same-sex marriage has shifted significantly in recent years, with growing support for marriage equality in many countries around the world.",Public Opinion,12,English,self,G01374665
"Legalizing same-sex marriage can enhance a country's international reputation as a progressive, inclusive society and promote greater acceptance of LGBTQ+ individuals.",External Regulation and Reputation,14,English,self,G01374665
"Same-sex marriage is a highly politicized issue, with political parties and interest groups taking various positions on the topic.",Political,13,English,self,G01374665
"The issue of same-sex marriage is often framed in terms of morality and ethics, with debates continuing to shape public discourse on the topic.",Morality,3,English,self,G01374665
"The debate around same-sex marriage is complex and multifaceted, with many different perspectives and opinions.",Other,15,English,self,G01374665
"Same-sex couples often face significant barriers when it comes to adoption and child-rearing, including access to legal protections, resources, and support systems.",Capacity and Resources,2,English,self,G01374665
Denying same-sex couples the right to marry is a form of discrimination that undermines the principle of equal treatment under the law.,Fairness and Equality,4,English,self,G01374665
"While same-sex marriage is now legal in many countries, some governments still refuse to recognize these unions, Perpetuating Discrimination and Inequality.",External Regulation and Reputation,14,English,self,G01374665
"The fight for marriage equality is often seen as a key component of the broader struggle for LGBTQ+ rights and recognition, reflecting a shift in cultural attitudes towards gender and sexuality.",Cultural Identity,11,English,self,G01374665
Göçmenlik politikalarının ekonomik etkileri ciddi bir değerlendirme gerektirmektedir.,Economic,1,Turkish,chatGpt,G01374665
"L'immigrazione può avere un impatto significativo sulla capacità e sulle risorse di un paese.",Capacity and Resources,2,Italian,chatGpt,G01374665
"La igualdad y la equidad deben ser consideradas en las políticas migratorias.",Fairness and Equality,4,Spanish,chatGpt,G01374665
"Göçmenlerin yasal statüsü, yasal dayanağı ve yargı öncesi işlemler gibi konuların belirlenmesi önemlidir.","Legality, Constitutionality, Jurisdiction",5,Turkish,chatGpt,G01374665
"La costituzionalità e la giurisprudenza delle politiche migratorie devono essere prese in considerazione.","Legality, Constitutionality, Jurisdiction",5,Italian,chatGpt,G01374665
"Göç politikalarının tasarımı ve etkileri değerlendirilirken politika önerileri de dikkate alınmalıdır.",Policy Prescription and Evaluation,6,Turkish,chatGpt,G01374665
"La inmigración ilegal debe ser sancionada de acuerdo con la ley.",Crime and Punishment,7,Spanish,chatGpt,G01374665
"La seguridad y la defensa del país deben ser consideradas en las políticas migratorias.",Security and Defense,8,Spanish,chatGpt,G01374665
"Göçmen sağlığı ve güvenliği, göç politikalarının bir parçası olarak ele alınmalıdır.",Health and Safety,9,Turkish,chatGpt,G01374665
"La calidad de vida de los migrantes y la comunidad de acogida deben ser tenidas en cuenta en las políticas migratorias.",Quality of Life,10,Spanish,chatGpt,G01374665
"La identità culturale dei migranti deve essere rispettata e protetta.",Cultural Identity,11,Italian,chatGpt,G01374665
"La opinión pública y la percepción social de la inmigración son importantes en la formulación de políticas.",Public Opinion,12,Spanish,chatGpt,G01374665
"La regolamentazione esterna e la reputazione internazionale di un paese possono essere influenzate dalle sue politiche migratorie.",External Regulation and Reputation,14,Italian,chatGpt,G01374665
Göçmenlik politikaları politik ve ahlaki konuları da içermelidir.,Political,13,Turkish,chatGpt,G01374665
Immigration is a complex issue with many different dimensions that must be considered.,Other,15,English,chatGpt,G01374665
Göçmenlik politikalarının başarılı bir şekilde uygulanabilmesi için uygun bir kapasite oluşturulmalıdır.,Capacity and Resources,2,Turkish,chatGpt,G01374665
La regolarità dei flussi migratori deve essere garantita da politiche migratorie efficaci.,"Legality, Constitutionality, Jurisdiction",5,Italian,chatGpt,G01374665
La diversidad cultural de los migrantes es una riqueza que debe ser valorada y protegida.,Cultural Identity,11,Spanish,chatGpt,G01374665
Göçmenlerin hakları ve sorunlarına ilişkin politikaların adaletli olması önemlidir.,Fairness and Equality,4,Turkish,chatGpt,G01374665
La lotta contro l'immigrazione illegale deve essere accompagnata da politiche di inclusione sociale per i migranti regolari.,Policy Prescription and Evaluation,6,Italian,chatGpt,G01374665
La salud y la seguridad de los migrantes deben ser una prioridad en las políticas migratorias.,Health and Safety,9,Spanish,chatGpt,G01374665
Göçmenlik politikalarının insan haklarına uygunluğu önemlidir.,"Legality, Constitutionality, Jurisdiction",5,Turkish,chatGpt,G01374665
La seguridad nacional y la protección de las fronteras son cuestiones importantes en las políticas migratorias.,Security and Defense,8,Spanish,chatGpt,G01374665
La cooperazione internazionale es clave para abordar los desafíos globales de la migración.,External Regulation and Reputation,14,Spanish,chatGpt,G01374665
La migrazione può essere una soluzione per la mancanza di risorse umane in alcuni settori economici.,Economic,1,Italian,chatGpt,G01374665
"Göçmenlerin entegrasyonu, toplumun refahı ve istikrarı için önemlidir.",Quality of Life,10,Turkish,chatGpt,G01374665
La opinión pública sobre la inmigración puede ser influenciada por la narrativa de los medios de comunicación.,Public Opinion,12,Spanish,chatGpt,G01374665
La punizione dei crimini commessi dai migranti deve essere proporzionata e giusta.,Crime and Punishment,7,Italian,chatGpt,G01374665
Göçmenlik politikalarının etkililiği ve uygunluğu düzenli olarak değerlendirilmelidir.,Policy Prescription and Evaluation,6,Turkish,chatGpt,G01374665
La inmigración puede ser un tema controvertido en la política y en la sociedad en general.,Political,13,Spanish,chatGpt,G01374665
"Türkiye'deki göçmenler, ekonomik sıkıntılarla karşı karşıyalar ve işsizlik oranı oldukça yüksektir.",Economic,1,Turkish,chatGpt,G01374665
L'immigrazione in Italia solleva questioni di capacità e risorse poiché il Paese deve far fronte all'arrivo di un gran numero di immigrati.,Capacity and Resources,2,Italian,chatGpt,G01374665
भारत में अपराध और सजा संबंधी मामलों में अधिकांश अपराध नौकरी तलाशने वाले लोगों द्वारा किए जाते हैं जो उच्च दर्जे की नौकरियों के लिए दौड़ते हैं।,Crime and Punishment,7,Hindi,chatGpt,G01374665
"Türkiye'deki göçmenlerin yasallığı konusunda belirsizlik var ve bu durum hukuk, anayasa ve hukukun üstünlüğü ilkeleriyle çelişmektedir.","Legality, Constitutionality, Jurisdiction",5,Turkish,chatGpt,G01374665
"L'immigrazione in Italia solleva questioni di giurisprudenza e costituzionalità in quanto la legge deve garantire i diritti dei migranti, ma anche quelli dei cittadini italiani.","Legality, Constitutionality, Jurisdiction",5.0,Italian,chatGpt,G01374665
"अंतर्राष्ट्रीय नियमों के तहत, भारत को बाहर से आने वाले लोगों का अपने स्थानीय नागरिकों के साथ समानता और न्याय का सम्मान करना होगा।",Fairness and Equality,4.0,Hindi,chatGpt,G01374665
"Göçmenlerin politika önerileri ve değerlendirmeleri, Türkiye'nin ulusal ve uluslararası ilişkilerini etkiler ve bu nedenle dikkatle ele alınması gereken bir konudur.",Policy Prescription and Evaluation,6.0,Turkish,chatGpt,G01374665
"L'immigrazione in Italia solleva questioni di sicurezza e difesa, poiché è necessario garantire la sicurezza dei cittadini italiani e prevenire la criminalità organizzata tra i migranti.",Security and Defense,8.0,Italian,chatGpt,G01374665
"Türkiye'de eşcinsel evlilik yasal değildir ve eşitlik ve adalete ilişkin sorunlar oluşturmaktadır.",Fairness and Equality,4.0,Turkish,chatGpt,G01374665
"Il matrimonio tra persone dello stesso sesso in Italia solleva questioni di legalità e costituzionalità, poiché la legge deve garantire i diritti di tutti i cittadini, indipendentemente dall'orientamento sessuale.","Legality, Constitutionality, Jurisdiction",5.0,Italian,chatGpt,G01374665
"भारत में उच्च जाति और धर्म के लोगों द्वारा समलैंगिक विवाह पर बहस है, जो सामाजिक और सांस्कृतिक विभेदों को दर्शाता है।",Cultural Identity,11.0,Hindi,chatGpt,G01374665
"Türkiye'de eşcinsel evliliklerin yasal olmaması, anayasa ve hukukun üstünlüğü ilkeleriyle de çelişmektedir.","Legality, Constitutionality, Jurisdiction",5.0,Turkish,chatGpt,G01374665
"In Italia, la questione del matrimonio tra persone dello stesso sesso riguarda anche la politica, in quanto è necessario stabilire una posizione chiara e coerente sulla questione.",Political,13.0,Italian,chatGpt,G01374665
"बहुत सारे देशों में, समलैंगिक विवाह की नीति और उसकी ताकत का मूल्यांकन किया जा रहा है, जिसमें स्वास्थ्य और सुरक्षा जैसे मुद्दे भी शामिल हैं।",Policy Prescription and Evaluation,6.0,Hindi,chatGpt,G01374665
"Türkiye'de eşcinsel evliliklerin yasaklanması, LGBT topluluğuna yönelik ayrımcılığı ve nefret suçlarını artırabilir.",Crime and Punishment,7.0,Turkish,chatGpt,G01374665
"Il matrimonio tra persone dello stesso sesso può migliorare la qualità della vita delle persone che lo desiderano, poiché consente loro di accedere a determinati diritti e benefici.",Quality of Life,10.0,Italian,chatGpt,G01374665
"समलैंगिक विवाह के मसलों पर जनता की राय विभिन्न होती है, जिससे संवैधानिक, नैतिक और राजनीतिक मामलों में निर्णय लेना मुश्किल होता है।",Public Opinion,12.0,Hindi,chatGpt,G01374665
"ప్రపంచంలో వెలుగులు పెట్టుకునే అధికార వల్ల వచ్చిన వ్యాపార ప్రతిష్ఠలు ఆపాలి",Economic,1.0,Telegu,chatGpt,G01374665
"అమెరికాలో రాజకీయ స్థితి ప్రభావితంగా తీసుకున్న ప్రవాసి దేశాల్లో అనేక సమస్యలు ఉంటాయి",Political,13.0,Telegu,chatGpt,G01374665
"అమెరికాలో కరోనా వైరస్ ప్రకరణం ప్రమాదకరంగా ఉంటుంది, అలాగే ప్రవాసికులు తమ ఆరోగ్యానికి కారణంగా జన్మాలు మరణాలు జరిగే సమస్యలు ఉన్నాయి",Health and Safety,9.0,Telegu,chatGpt,G01374665
"ప్రవాసులు తమ సాంప్రదాయాలు మరియు సంస్కృతిక గురించి చర్చించాలి మరియు దానిని పరిగణించాలి",Cultural Identity,11.0,Telegu,chatGpt,G01374665
"ప్రవాసులు దేశాన్ని అనుకూలంగా చేస్తున్న పక్షం చేతిని గమనించాలి",Security and Defense,8.0,Telegu,chatGpt,G01374665
"ప్రవాసుల పరిస్థితి గురించి ప్రజా అభిప్రాయం అందరికి తెలిసినది అవసరం",Public Opinion,12.0,Telegu,chatGpt,G01374665
"ప్రవాసులు తమ విధి కానుగొనుటకు తక్కువ వాటిని చేయవలసినది","Legality, Constitutionality, Jurisdiction",5.0,Telegu,chatGpt,G01374665
"ప్రవాసులు నేర్పించే పనులు న్యాయంగా ఉండాలి మరియు సమానతలు కలిగి ఉండాలి",Fairness and Equality,4.0,Telegu,chatGpt,G01374665
"ప్రవాసులు వ్యవసాయ వ్యవస్థను కొనసాగించడం లేదా తప్పిదారు చేయడం క్రిమినల్ అవసరం",Crime and Punishment,7.0,Telegu,chatGpt,G01374665
"Immigration policies can be shaped by a range of economic factors, including labor market needs,economic competitiveness, and the potential fiscal impact of immigration.",Economic,1,English,self,G01395243
"Political considerations are often at the forefront of debates around immigration, with issues such as national security, border control, and electoral politics playing a significant role.",Political,13,English,self,G01393699
"Cultural identity is a key factor in shaping both public opinion and policy decisions around immigration, with debates often centering on questions of assimilation, integration, and cultural preservation.",Cultural Identity,11,English,self,G01393699
"The economic benefits of immigration are a hotly debated topic, with proponents citing contributions to GDP growth, innovation, and entrepreneurship, and opponents pointing to potential job displacement and wage depression.",Economic,1,English,self,G01393699
"Political rhetoric around immigration can often be divisive, with politicians using the issue to mobilize their base or appeal to specific voter demographics.",Political,13,English,self,G01393699
"Cultural factors such as language, religion, and food can play a significant role in shaping both the experiences of immigrants and the attitudes of the host community towards them.",Cultural Identity,11,English,self,G01393699
"The economic impact of immigration can vary widely depending on factors such as the skill level and education of the immigrant population, as well as the specific industry sectors in which they are employed.",Economic,1,English,self,G01393699
"Political ideology can strongly influence policy decisions around immigration, with some politicians taking a hardline stance on issues such as border control and deportation as a way to appeal to nationalist sentiment or conservative values.",Political,13,English,self,G01393699
"Cultural identity is a complex and multifaceted issue that can be influenced by a range of factors, including language, religion, family ties, and cultural heritage.",Cultural Identity,11,English,self,G01393699
"Immigration policies that provide a path to citizenship for undocumented immigrants can have positive economic and social benefits, such as increased tax revenues, improved public health outcomes, and reduced social inequality.",Policy Prescription and Evaluation,6,English,self,G01393699
Many immigrants come to the United States in search of a better quality of life for themselves and their families.,Quality of Life,10,English,self,G01393699
Immigration policies are often shaped by political ideologies and interests.,Political,13,English,self,G01393699
Public opinion on immigration varies greatly depending on the region and demographics of the population.,Public Opinion,12,English,self,G01393699
Immigrants contribute to the economy and cultural diversity of a country.,Economic,1,English,self,G01393699
The debate on immigration often revolves around issues such as national security and job competition.,Security and Defense,8,English,self,G01393699
"In some countries, immigration policies have been shaped by xenophobic attitudes towards foreigners.",Other,15,English,self,G01393699
"Public opinion on immigration has become more polarized in recent years, with some advocating for more liberal policies and others for stricter controls.",Public Opinion,12,English,self,G01393699
Immigrants who are able to successfully integrate into their new communities can greatly improve their quality of life.,Quality of Life,10,English,self,G01393699
"Immigration has been a key issue in many political campaigns, with politicians often taking strong stances for or against certain policies.",Political,13,English,self,G01393699
Public opinion on immigration is often influenced by media coverage and political rhetoric.,Public Opinion,12,English,self,G01393699
Immigration policies can have a significant impact on a country's demographic and cultural makeup.,Policy Prescription and Evaluation,6,English,self,G01393699
"Immigrants often face challenges in accessing healthcare, education, and other basic services in their new country.",Quality of Life,10,English,self,G01393699
The debate on immigration often centers around questions of national identity and belonging.,Cultural Identity,11,English,self,G01393699
"Public opinion on immigration can be influenced by personal experiences, cultural values, and media portrayals.",Public Opinion,12,English,self,G01393699
Immigrants can bring valuable skills and perspectives to a country's workforce and society.,Capacity and Resources,2,English,self,G01393699
"Immigration policies can have ripple effects on other areas of policy, such as trade and foreign relations.",Policy Prescription and Evaluation,6,English,self,G01393699
Public opinion on immigration can shift rapidly in response to changing events and political rhetoric.,Public Opinion,12,English,self,G01393699
"Immigrants may face discrimination and prejudice in their new country, which can negatively impact their quality of life.",Fairness and Equality,4,English,self,G01393699
"Immigration policies can reflect a country's values and priorities, such as human rights or economic growth.",Policy Prescription and Evaluation,6,English,self,G01393699
Public opinion on immigration can vary widely within a single country or region.,Public Opinion,12,English,self,G01393699
"Immigrants can face significant language and cultural barriers, which can make it difficult for them to integrate into their new community.",Cultural Identity,11,English,self,G01393699
"Immigration policies can have unintended consequences, such as increased human trafficking or exploitation.",Policy Prescription and Evaluation,6,English,self,G01393699
"Public opinion on immigration can be shaped by political leaders, interest groups, and other influential voices.",Political,13,English,self,G01393699
"Immigrants can bring diversity and richness to a country's arts, culture, and cuisine.",Cultural Identity,11,English,self,G01393699
"Immigration policies can be influenced by global events and trends, such as wars,economic crises, or environmental disasters.",External Regulation and Reputation,14,English,self,G01393699
"Public opinion on immigration can be shaped by historical events and cultural memory, such as past waves of immigration or colonialism.",Public Opinion,12,English,self,G01393699
Immigrants may face legal and bureaucratic hurdles that can make it difficult for them to establish themselves in their new country.,"Legality, Constitutionality, Jurisdiction",5,English,self,G01393699
Immigration policies can have long-lasting impacts on a country's social fabric and economic structure.,Policy Prescription and Evaluation,6,English,self,G01393699
"Public opinion on immigration can be influenced by demographic shifts and changing social norms, such as attitudes towards gender, sexuality, or religion.",Public Opinion,12,English,self,G01393699
"Immigrants may have different expectations and goals than their new community, which can lead to tensions and conflicts.",Cultural Identity,11,English,self,G01393699
"Immigrants often take on jobs that are deemed undesirable or low-paying, which can lead to economic exploitation and labor violations.",Economic,1,English,self,G01393699
"The health and safety of immigrants can be at risk due to factors such as poor working conditions, lack of access to healthcare, and exposure to environmental hazards.",Health and Safety,9,English,self,G01393699
Immigrants may face challenges in preserving their cultural identity and heritage while adapting to the norms and values of their new community.,Cultural Identity,11,English,self,G01393699
"Immigrants can contribute to a country's economy by starting businesses, paying taxes, and filling labor gaps in key sectors.",Economic,1,English,chatGpt,G01393699
"Immigrants may lack legal protections or access to justice, making them vulnerable to exploitation, harassment, and violence.",Fairness and Equality,4,English,chatGpt,G01393699
"Immigrants often bring their own unique cultural practices and traditions, which can enrich and diversify a country's cultural landscape.",Cultural Identity,11,English,chatGpt,G01393699
Immigrants can stimulate innovation and creativity by bringing new ideas and perspectives to their new communities.,Public Opinion,12,English,chatGpt,G01393699
"The health and safety of immigrants can be jeopardized by discriminatory policies or practices, such as denial of healthcare or exposure to toxic environments.",Health and Safety,9,English,chatGpt,G01393699
"Immigrants can experience cultural shock or homesickness, which can lead to mental health issues and social isolation.",Quality of Life,10,English,chatGpt,G01393699
"Immigrants may face discrimination and xenophobia, which can limit their economic opportunities and access to basic services.",Fairness and Equality,4,English,chatGpt,G01393699
"Immigrants may struggle to access affordable housing, which can impact their health, safety, and overall well-being.",Quality of Life,10,English,chatGpt,G01393699
"Immigrants may face language barriers or discrimination in the workplace, which can limit their economic mobility and opportunities for advancement.",Cultural Identity,11,English,chatGpt,G01393699
Immigrants can help revitalize struggling communities by contributing to local economies and social networks.,Economic,1,English,chatGpt,G01393699
"The health and safety of immigrants can be threatened by inadequate or inaccessible social services, such as education, housing, or emergency medical care.",Health and Safety,9,English,chatGpt,G01393699
"Immigrants may experience a sense of dislocation or loss of cultural identity, which can impact their mental health and social integration.",Cultural Identity,11,English,chatGpt,G01393699
"Immigrants may face language barriers or cultural misunderstandings in healthcare settings, which can impact their access to quality care.",Health and Safety,9,English,chatGpt,G01393699
"Immigrants can bring unique skills and expertise to their new communities, which can contribute to local economic growth and development.",Economic,1,English,chatGpt,G01393699
"Immigrants may face social and economic exclusion, which can lead to poverty, poor health outcomes, and reduced access to education and social services.",Economic,1,English,chatGpt,G01393699
"Immigrants may face discrimination and prejudice, which can impact their mental health and well-being.",Morality,3,English,chatGpt,G01393699
"Immigrants may struggle to access affordable childcare, which can limit their ability to work and contribute to the economy.",Economic,1,English,chatGpt,G01393699
"Immigrants may experience difficulty in accessing credit or loans, which can limit their ability to start businesses and invest in their communities.",Quality of Life,10,English,chatGpt,G01393699
"Immigrants may face challenges in preserving their religious or cultural practices, which can impact their sense of belonging and identity.",Cultural Identity,11,English,chatGpt,G01393699
"Immigrants can bring diverse perspectives and cultural exchange to their new communities, which can foster understanding and tolerance.",Cultural Identity,11,English,chatGpt,G01393699
"Immigrants may face language barriers or discrimination in accessing legal services, which can impact their ability to navigate the legal system and protect their rights.","Legality, Constitutionality, Jurisdiction",5,English,chatGpt,G01393699
Immigrants can face heightened risks of workplace injuries or fatalities due to hazardous working conditions or lack of safety regulations.,Health and Safety,9,English,chatGpt,G01393699
"Immigration policies can place strain on a country's capacity to provide social services and infrastructure, such as healthcare, housing, and education.",Policy Prescription and Evaluation,6,English,chatGpt,G01393699
The morality of immigration policies can be questioned when they lead to the separation of families or the deportation of individuals to dangerous situations.,Morality,3,English,chatGpt,G01393699
"Immigrants may be denied access to basic resources and services due to their immigration status, which can perpetuate cycles of poverty and inequality.",Fairness and Equality,4,English,chatGpt,G01393699
"The fairness and equality of immigration policies can be questioned when they discriminate against certain groups based on race, ethnicity, or religion.",Fairness and Equality,4,English,chatGpt,G01393699
"Immigrants can provide a valuable source of labor and skills, but policies must be in place to ensure their fair treatment and protection from exploitation.",Policy Prescription and Evaluation,6,English,chatGpt,G01393699
"Immigration policies should prioritize the safety and well-being of immigrants, including access to healthcare, legal services, and protections from abuse and violence.",Health and Safety,9,English,chatGpt,G01393699
The morality of immigration policies can be questioned when they prioritize the economic interests of a country over the rights and dignity of individuals and families seeking refuge or asylum.,Morality,3,English,chatGpt,G01393699
"Immigrants can place a strain on public resources, such as schools and hospitals, but policies should focus on providing adequate funding and support to meet the needs of all residents.",Capacity and Resources,2,English,chatGpt,G01393699
Immigration policies should prioritize fairness and equality by providing a pathway to citizenship or legal status for individuals who contribute to their communities and have established roots in the country.,Fairness and Equality,4,English,chatGpt,G01393699
The morality of immigration policies can be questioned when they lead to the detention or imprisonment of individuals seeking safety and protection from persecution or violence.,Morality,3,English,chatGpt,G01393699
Immigration policies must take into account the capacity of a country's job market to absorb new workers and provide opportunities for existing residents.,Capacity and Resources,2,English,chatGpt,G01393699
The morality of immigration policies can be questioned when they deny individuals access to life-saving medical treatment or necessary medications.,Morality,3,English,chatGpt,G01393699
"Immigrants may face obstacles in accessing education and training opportunities, which can limit their ability to contribute to the workforce and the economy.",Capacity and Resources,2,English,chatGpt,G01393699
"Fairness and equality in immigration policies require that all individuals are treated with respect and dignity, regardless of their background or circumstances.",Fairness and Equality,4,English,chatGpt,G01393699
"Immigration policies should prioritize the reunification of families and the protection of children, who are often the most vulnerable in migration situations.",Policy Prescription and Evaluation,6,English,chatGpt,G01393699
"Immigrants may require language and cultural training to fully integrate into their new communities, and policies should provide resources and support for these efforts.",Cultural Identity,11,English,chatGpt,G01393699
The morality of immigration policies can be questioned when they violate international human rights standards or lead to the mistreatment or abuse of individuals in detention.,Morality,3,English,chatGpt,G01393699
"Immigrants can contribute to the diversity and richness of a country's culture and society, and policies should value and celebrate this diversity.",Cultural Identity,11,English,chatGpt,G01393699
Immigration policies must balance the need for security and safety with the rights and freedoms of individuals seeking refuge or asylum.,Security and Defense,8,English,chatGpt,G01393699
"Fairness and equality in immigration policies require that all individuals have access to due process and legal representation, regardless of their immigration status or background.","Legality, Constitutionality, Jurisdiction",5,English,chatGpt,G01393699
"Immigration policies can impact a country's reputation and relationships with other nations, and external regulation and collaboration can help ensure fair and ethical treatment of immigrants.",External Regulation and Reputation,14,English,chatGpt,G01393699
"Immigration policies should prioritize the safety and security of all residents, including measures to prevent human trafficking, smuggling, and other criminal activities related to immigration.",Crime and Punishment,7,English,chatGpt,G01393699
Policy evaluation and assessment can help identify areas for improvement and ensure that immigration policies are meeting their intended goals and objectives.,Policy Prescription and Evaluation,6,English,chatGpt,G01393699
"Immigration policies can have economic and social impacts on neighboring countries, and collaboration and coordination are necessary to address these impacts and ensure regional stability and prosperity.",Economic,1,English,chatGpt,G01393699
"Immigrants can contribute to a country's security and defense efforts, and policies should recognize and utilize their unique skills and expertise in these areas.",Security and Defense,8,English,chatGpt,G01393699
"Policy prescription for immigration should consider the needs and perspectives of all stakeholders, including immigrants, employers, and local communities.",Policy Prescription and Evaluation,6,English,chatGpt,G01393699
"Immigration policies should prioritize the protection and support of individuals who are fleeing violence, persecution, and other dangerous situations.",Policy Prescription and Evaluation,6,English,chatGpt,G01393699
"Effective policy evaluation for immigration requires data collection and analysis, as well as engagement with diverse perspectives and stakeholder groups.",Policy Prescription and Evaluation,6,English,chatGpt,G01393699
"Immigration policies should prioritize transparency and accountability, including mechanisms for reporting and addressing human rights abuses and other violations.",Policy Prescription and Evaluation,6,English,chatGpt,G01393699
Security and defense considerations should be balanced with the humanitarian needs and rights of individuals seeking safety and protection through immigration.,Security and Defense,8,English,chatGpt,G01393699
"International treaties and agreements can impact a country's same-sex marriage policies and reputation, and collaboration and cooperation with other nations can help promote equality and respect for human rights.",External Regulation and Reputation,14,English,chatGpt,G01393699
"Policies protecting the rights of individuals in same-sex marriages can help promote social stability and security, by ensuring that all families are protected and supported.",Policy Prescription and Evaluation,6,English,chatGpt,G01393699
Policy evaluation and assessment can help identify areas for improvement and ensure that same-sex marriage policies are meeting their intended goals and objectives.,Policy Prescription and Evaluation,6,English,chatGpt,G01393699
"The recognition of same-sex marriages can enhance a country's reputation for being inclusive and progressive, and can promote tourism and economic growth.",External Regulation and Reputation,14,English,chatGpt,G01393699
"Policies promoting same-sex marriage can help protect individuals from discrimination and violence, and can promote greater social cohesion and respect for diversity.",Fairness and Equality,4,English,chatGpt,G01393699
"Policy prescription for same-sex marriage should consider the needs and perspectives of all stakeholders, including members of the LGBTQ+ community, religious institutions, and other interest groups.",Policy Prescription and Evaluation,6,English,chatGpt,G01393699
"Policies protecting same-sex marriages should prioritize the safety and security of all individuals, including measures to prevent hate crimes and other forms of violence.",Health and Safety,9,English,chatGpt,G01393699
"Effective policy evaluation for same-sex marriage requires data collection and analysis, as well as engagement with diverse perspectives and stakeholder groups.",Policy Prescription and Evaluation,6,English,chatGpt,G01393699
"The recognition of same-sex marriages can promote greater legal protections for all families, including access to healthcare, social security, and other benefits.","Legality, Constitutionality, Jurisdiction",5,English,chatGpt,G01393699
"Policies promoting same-sex marriage can help enhance a country's reputation as a leader in human rights and equality, and can inspire other nations to adopt similar policies.",External Regulation and Reputation,14,English,chatGpt,G01393699
"Policies promoting same-sex marriage can help reduce social stigma and discrimination against LGBTQ+ individuals, promoting greater acceptance and inclusivity.",Fairness and Equality,4,English,chatGpt,G01393699
International pressure and advocacy can play an important role in promoting same-sex marriage policies and ensuring that human rights are respected and protected.,External Regulation and Reputation,14,English,chatGpt,G01393699
"The recognition of same-sex marriages can promote greater stability and security for families, including access to inheritance and property rights.",Quality of Life,10,English,chatGpt,G01393699
Effective policy evaluation for same-sex marriage requires ongoing monitoring and assessment to ensure that policies are meeting the evolving needs and preferences of individuals and communities.,Policy Prescription and Evaluation,6,English,chatGpt,G01393699
The recognition of same-sex marriages can enhance a country's standing in the international community and promote greater cooperation and collaboration on issues related to human rights.,External Regulation and Reputation,14,English,chatGpt,G01393699
Policies protecting the rights of individuals in same-sex marriages can help reduce health disparities and promote greater access to healthcare services.,Policy Prescription and Evaluation,6,English,chatGpt,G01393699
"Policies promoting same-sex marriage can help promote greater diversity and representation in public life, enhancing the perspectives and contributions of LGBTQ+ individuals in all aspects of society.",Cultural Identity,11,English,chatGpt,G01393699
"Effective policy prescription for same-sex marriage should consider the broader social and economic implications, including potential impacts on employment, taxation, and other areas of public policy.",Policy Prescription and Evaluation,6,English,chatGpt,G01393699
"The recognition of same-sex marriages can promote greater legal clarity and consistency, reducing confusion and uncertainty for families and communities.","Legality, Constitutionality, Jurisdiction",5,English,chatGpt,G01393699
"Policies protecting same-sex marriages should prioritize the safety and security of all individuals, including measures to prevent harassment and discrimination in the workplace and other settings.",Security and Defense,8,English,chatGpt,G01393699
"Policies supporting same-sex marriage can promote the health and safety of LGBTQ+ individuals, reducing risks of discrimination and improving access to healthcare and other services.",Health and Safety,9,English,chatGpt,G01393699
"Public opinion on same-sex marriage has evolved significantly in recent years, with growing support for policies that promote greater equality and respect for diversity.",Public Opinion,12,English,chatGpt,G01395243
"The political climate can impact the adoption and implementation of same-sex marriage policies, with some governments being more or less supportive of LGBTQ+ rights depending on their ideological orientation.",Political,13,English,chatGpt,G01395243
"Policies promoting same-sex marriage can help reduce health disparities and improve mental health outcomes for LGBTQ+ individuals, who may face higher rates of depression, anxiety, and other mental health challenges.",Health and Safety,9,English,chatGpt,G01395243
"Public education and outreach can play an important role in promoting greater awareness and understanding of the importance of same-sex marriage policies, and the benefits they offer to individuals and society.",Public Opinion,12,English,chatGpt,G01395243
"The political opposition to same-sex marriage can be rooted in religious or cultural beliefs, which may pose challenges for policymakers seeking to promote greater equality and human rights.",Morality,3,English,chatGpt,G01395243
"Policies protecting same-sex marriages can promote greater safety and security for LGBTQ+ individuals, reducing risks of violence, harassment, and discrimination.",Security and Defense,8,English,chatGpt,G01395243
"Public opinion on same-sex marriage can be shaped by a range of factors, including media coverage, public discourse, and personal experiences.",Public Opinion,12,English,chatGpt,G01395243
"The political process for adopting same-sex marriage policies can be complex and time-consuming, requiring collaboration and negotiation among diverse stakeholders and interest groups.",Political,13,English,chatGpt,G01393699
"Policies promoting same-sex marriage can help reduce social stigma and improve mental health outcomes for LGBTQ+ individuals, promoting greater inclusion and acceptance.",Policy Prescription and Evaluation,6,English,chatGpt,G01393699
"Policies recognizing same-sex marriages can provide important legal protections for LGBTQ+ individuals, including access to healthcare, employment, and housing.",Policy Prescription and Evaluation,6,English,chatGpt,G01393699
"The legalization of same-sex marriage can help reduce discrimination and stigma, promoting greater acceptance and inclusion of LGBTQ+ individuals in society.",Fairness and Equality,4,English,chatGpt,G01393699
"Opposition to same-sex marriage can be based on a range of factors, including religious beliefs, cultural norms, and personal values.",Morality,3,English,chatGpt,G01393699
"Policies promoting same-sex marriage can help reduce health disparities and improve overall wellbeing for LGBTQ+ individuals, promoting greater equity and social justice.",Health and Safety,9,English,chatGpt,G01393699
"The political landscape for same-sex marriage policies can vary widely across different countries and regions, with some jurisdictions being more or less supportive of LGBTQ+ rights.",Political,13,English,chatGpt,G01393699
"Public attitudes toward same-sex marriage can be influenced by broader societal trends, such as changing gender roles, shifts in family structures, and increasing diversity.",Public Opinion,12,English,chatGpt,G01393699
"Policies protecting same-sex marriages can help promote greater family stability and wellbeing, reducing risks of divorce and other negative outcomes.",Quality of Life,10,English,chatGpt,G01393699
"The recognition of same-sex marriages can help foster greater cultural exchange and understanding, promoting greater tolerance and respect for diversity.",Cultural Identity,11,English,chatGpt,G01393699
"The legalization of same-sex marriage can be a controversial and divisive issue, with some advocates and opponents engaging in heated public debates and demonstrations.","Legality, Constitutionality, Jurisdiction",5,English,chatGpt,G01393699
"Policies promoting same-sex marriage can help promote greater economic stability and growth, reducing risks of poverty and other social challenges.",Economic,1,English,chatGpt,G01393699
"Policies promoting same-sex marriage can help reduce crime rates and promote greater public safety, reducing risks of hate crimes and other forms of violence against LGBTQ+ individuals.",Security and Defense,8,English,chatGpt,G01393699
"The legalization of same-sex marriage can have important economic benefits, including increased spending on weddings and related services, and greater productivity and retention in the workplace among LGBTQ+ employees.",Economic,1,English,chatGpt,G01393699
"The implementation of same-sex marriage policies can require significant capacity and resources, including legal expertise, administrative support, and public education and outreach.",Capacity and Resources,2,English,chatGpt,G01393699
"Opponents of same-sex marriage may argue that it undermines traditional family structures and poses economic and social risks to society, including higher rates of divorce and single parenthood.",Other,15,English,chatGpt,G01393699
"The criminalization of same-sex marriage or same-sex relationships can have severe consequences for LGBTQ+ individuals, including imprisonment, torture, and other forms of human rights violations.","Legality, Constitutionality, Jurisdiction",5,English,chatGpt,G01393699
"Policies promoting same-sex marriage can help reduce economic disparities and promote greater social mobility for LGBTQ+ individuals and families, reducing risks of poverty and financial insecurity.",Economic,1,English,chatGpt,G01393699
"The implementation of same-sex marriage policies can require changes to existing legal frameworks, including property rights, inheritance laws, and family law.","Legality, Constitutionality, Jurisdiction",5,English,chatGpt,G01393699
"Opponents of same-sex marriage may argue that it poses moral and religious challenges to traditional values, and that it may lead to the erosion of social norms and family structures.",Morality,3,English,chatGpt,G01393699
"Policies supporting same-sex marriage can promote greater inclusion and diversity in the workplace, reducing risks of discrimination and harassment, and improving overall productivity and job satisfaction.",Policy Prescription and Evaluation,6,English,chatGpt,G01393699
"The implementation of same-sex marriage policies can require significant investments in public education and outreach, including training for legal and healthcare professionals, and awareness campaigns for the general public.",Public Opinion,12,English,chatGpt,G01393699
"The criminalization of same-sex marriage or same-sex relationships can also have negative impacts on mental health and wellbeing for LGBTQ+ individuals, increasing risks of depression, anxiety, and other mental health issues.",Health and Safety,9,English,chatGpt,G01393699
"Policies promoting same-sex marriage can also help promote greater economic growth and stability by increasing demand for goods and services, and supporting the growth of small businesses and entrepreneurship.",Economic,1,English,chatGpt,G01393699
"The implementation of same-sex marriage policies can require significant investment in public infrastructure, including the establishment of legal and administrative frameworks, and the development of support services for LGBTQ+ individuals and families.",Policy Prescription and Evaluation,6,English,chatGpt,G01393699
"Opponents of same-sex marriage may argue that it undermines religious freedom and the sanctity of traditional marriage, and that it may lead to the erosion of moral and ethical values.",Morality,3,English,chatGpt,G01393699
"The criminalization of same-sex marriage can have broader societal impacts, including the suppression of LGBTQ+ rights and freedoms, and the promotion of discrimination and intolerance.",Crime and Punishment,7,English,chatGpt,G01395243
"Policies promoting same-sex marriage can also help reduce healthcare costs and improve overall health outcomes for LGBTQ+ individuals, reducing risks of chronic diseases and other health challenges.",Policy Prescription and Evaluation,6,English,chatGpt,G01395243
"The implementation of same-sex marriage policies can require significant legal expertise and resources, including court proceedings, legislative changes, and public referenda.","Legality, Constitutionality, Jurisdiction",5,English,chatGpt,G01395243
"Opponents of same-sex marriage may argue that it poses threats to child welfare and family values, and that it may lead to negative impacts on children's development and wellbeing.",Public Opinion,12,English,chatGpt,G01395243
"Policies promoting same-sex marriage can also help promote greater social inclusion and cohesion, reducing risks of social isolation and exclusion for LGBTQ+ individuals and families.",Policy Prescription and Evaluation,6,English,chatGpt,G01395243
"The implementation of same-sex marriage policies can require coordination across multiple government agencies, including the legal system, healthcare providers, and social services.","Legality, Constitutionality, Jurisdiction",5,English,chatGpt,G01395243
"Same-sex marriage is an important step towards achieving fairness and equality for LGBTQ+ individuals, ensuring that they have the same rights and protections as heterosexual couples.",Fairness and Equality,4,English,chatGpt,G01395243
"Policies promoting same-sex marriage can be evaluated by examining changes in attitudes and behaviors towards LGBTQ+ individuals and families, as well as changes in the legal and social landscape.",Policy Prescription and Evaluation,6,English,chatGpt,G01393699
"The legalization of same-sex marriage can have significant positive impacts on the quality of life for LGBTQ+ individuals, promoting greater social acceptance and reducing risks of discrimination and exclusion.",Quality of Life,10,English,chatGpt,G01393699
"Opponents of same-sex marriage may argue that it violates traditional values and norms, and that it may lead to negative impacts on society and culture.",Cultural Identity,11,English,chatGpt,G01393699
"Policies promoting same-sex marriage can also help promote greater economic and social mobility for LGBTQ+ individuals, providing greater access to education, employment, and other opportunities.",Economic,1,English,chatGpt,G01393699
"The evaluation of same-sex marriage policies can require careful analysis of legal and social trends, as well as data on public attitudes and behaviors towards LGBTQ+ individuals and families.",Policy Prescription and Evaluation,6,English,chatGpt,G01393699
"The legalization of same-sex marriage can help promote greater social justice and equality, ensuring that LGBTQ+ individuals have access to the same legal protections and benefits as heterosexual couples.",Fairness and Equality,4,English,chatGpt,G01393699
"Opponents of same-sex marriage may argue that it undermines the traditional family structure, and that it may lead to negative impacts on child welfare and development.",Public Opinion,12,English,chatGpt,G01393699
"Policies promoting same-sex marriage can also help reduce risks of discrimination and violence against LGBTQ+ individuals, promoting greater social cohesion and inclusion.",Policy Prescription and Evaluation,6,English,chatGpt,G01393699
"The implementation of same-sex marriage policies can require collaboration between government agencies, community organizations, and advocacy groups, as well as careful attention to the needs and concerns of LGBTQ+ individuals and families.","Legality, Constitutionality, Jurisdiction",5,English,chatGpt,G01393699
Les politiques visant à promouvoir le mariage entre personnes de même sexe peuvent nécessiter des ressources et des capacités accrues pour garantir l'égalité des droits pour tous.,Capacity and Resources,2,French,eng to fre,G01393699
"Les enjeux politiques entourant le mariage entre personnes de même sexe peuvent être complexes, impliquant des considérations constitutionnelles et légales, ainsi que des questions de droits civils et de libertés individuelles.",Political,13,French,eng to fre,G01393699
"Les politiques de mariage entre personnes de même sexe peuvent être considérées comme des questions de sécurité et de défense, car elles peuvent affecter la stabilité sociale et politique d'un pays.",Security and Defense,8,French,eng to fre,G01393699
"Le mariage entre personnes de même sexe peut avoir un impact économique important, notamment en termes d'accès à l'emploi et aux avantages sociaux pour les couples de même sexe.",Capacity and Resources,2,French,eng to fre,G01393699
Le mariage entre personnes de même sexe est une question politique qui peut nécessiter une action gouvernementale pour garantir l'égalité des droits pour tous les citoyens.,Political,13,French,chatGpt,G01393699
"Aynı cinsiyetten evlilikleri teşvik eden politikalar, herkesin eşit haklara sahip olmasını garanti altına almak için artan kaynaklar ve kapasite gerektirebilir.",Capacity and Resources,2,Turkish,chatGpt,G01393699
"Aynı cinsiyetten evlilikle ilgili politik meseleler karmaşık olabilir, anayasal ve yasal konuların yanı sıra sivil haklar ve bireysel özgürlükler gibi konuları da içerebilir.",Political,13,Turkish,chatGpt,G01393699
"Aynı cinsiyetten evliliği teşvik eden politikalar, ülkenin sosyal ve politik istikrarını etkileyebileceği için güvenlik ve savunma konularını da içerebilir.",Security and Defense,8,Turkish,chatGpt,G01395243
Le politiche che promuovono il matrimonio tra persone dello stesso sesso possono richiedere risorse e capacità crescenti per garantire l'uguaglianza di tutti.,Capacity and Resources,2,Italian,chatGpt,G01395243
"Le questioni politiche relative al matrimonio tra persone dello stesso sesso possono essere complesse e includere questioni costituzionali e legali, nonché diritti civili e libertà individuali.",Political,13,Italian,chatGpt,G01395243
"Le politiche che promuovono il matrimonio tra persone dello stesso sesso possono anche includere questioni di sicurezza e difesa, poiché potrebbero influire sulla stabilità sociale e politica del paese.",Security and Defense,8,Italian,chatGpt,G01395243
同性婚姻的道德立场在不同的文化和宗教中可能存在争议，需要通过广泛的公众讨论和辩论来解决。.,Security and Defense,8,Chinese,chatGpt,G01395243
在一些国家，公众对同性婚姻的态度正在发生变化，越来越多的人支持这种形式的婚姻，但在其他国家，仍然存在很大的反对声音。,Public Opinion,12,Chinese,chatGpt,G01393699
同性婚姻的合法化可能对经济产生一定的影响，如改变了传统婚姻的社会经济模式，或者为婚姻产业带来新的商机。.,Economic,1,Chinese,chatGpt,G01393699
"ప్రపంచంలో వెలుగులు పెట్టుకునే అధికార వల్ల వచ్చిన వ్యాపార ప్రతిష్ఠలు ఆపాలి",Economic,1,Telegu,eng to tel,G01374665
అమెరికాలో రాజకీయ స్థితి ప్రభావితంగా తీసుకున్న ప్రవాసి దేశాల్లో అనేక సమస్యలు ఉంటాయి,Political,13,Telegu,eng to tel,G01374665
"అమెరికాలో కరోనా వైరస్ ప్రకరణం ప్రమాదకరంగా ఉంటుంది, అలాగే ప్రవాసికులు తమ ఆరోగ్యానికి కారణంగా జన్మాలు మరణాలు జరిగే సమస్యలు ఉన్నాయి",Health and Safety,9, Telegu,eng to tel,G01374665
"ప్రవాసులు తమ సాంప్రదాయాలు మరియు సంస్కృతిక గురించి చర్చించాలి మరియు దానిని పరిగణించాలి",Cultural Identity,11,Telegu,eng to tel,G01374665
"ప్రవాసులు దేశాన్ని అనుకూలంగా చేస్తున్న పక్షం చేతిని గమనించాలి",Security and Defense,8,Telegu,eng to tel,G01374665
ప్రవాసుల పరిస్థితి గురించి ప్రజా అభిప్రాయం అందరికి తెలిసినది అవసరం,Public Opinion,12,Telegu,eng to tel,G01374665
ప్రవాసులు తమ విధి కానుగొనుటకు తక్కువ వాటిని చేయవలసినది,"Legality, Constitutionality, Jurisdiction",5,Telegu,eng to tel,G01374665
ప్రవాసులు నేర్పించే పనులు న్యాయంగా ఉండాలి మరియు సమానతలు కలిగి ఉండాలి,Fairness and Equality,4,Telegu,eng to tel,G01374665
ప్రవాసులు వ్యవసాయ వ్యవస్థను కొనసాగించడం లేదా తప్పిదారు చేయడం క్రిమినల్ అవసరం,Crime and Punishment,7,Telegu,eng to tel,G01374665